"","repl","mn_rch","sd_rch","mn_simp","sd_simp","mn_shan","sd_shan","mn_bc","sd_bc","mn_rscprf","d"
"1",0,5.2,0.5,0.769281653296734,0.00853260036289554,1.53608887450729,0.0454331025223588,0.14059638130547,0.0909916273236742,0.464130707211312,"HabSubsmpl_25"
"2",1,6.32,0.476095228569523,0.782324590364562,0.00924616717509861,1.64088679379792,0.0343295658507402,0.147825596346531,0.0909743110604239,0.464130707211312,"HabSubsmpl_25"
