"","repl","mn_rch_rsc","sd_rch_rsc","mn_simp_rsc","sd_simp_rsc","mn_shan_rsc","sd_shan_rsc","mn_bc_rsc","sd_bc_rsc","d"
"1",0,3,0,0.6270720856258,0.0394712395388306,1.03710127476227,0.0628023874517759,0.227807053908494,0.0987329474406689,"HabSubsmpl_25"
"2",1,3,0,0.626881210463346,0.0396963166602803,1.03914263518491,0.060259264308207,0.229624490453556,0.102128411778783,"HabSubsmpl_25"
