"","mn_rch","sd_rch","mn_simp","sd_simp","mn_shan","sd_shan","mn_bc","sd_bc","mn_rscprf","mn_rch_rsc","sd_rch_rsc","mn_simp_rsc","sd_simp_rsc","mn_shan_rsc","sd_shan_rsc","mn_bc_rsc","sd_bc_rsc","d"
"1","6.7","0.687885582211888","0.799214056528189","0.0177126217297592","1.69002745702386","0.0850741057106209","0.292577697711987","0.165299983994787","0.454472375420333","3","0","0.621447675650592","0.0444175301814005","1.0293036913462","0.0674610410329566","0.23903926511127","0.10187805772799","HabSubsmpl_25"
