"","repl","mn_rch_rsc","sd_rch_rsc","mn_simp_rsc","sd_simp_rsc","mn_shan_rsc","sd_shan_rsc","mn_bc_rsc","sd_bc_rsc","d"
"1",0,3,0,0.624863712381342,0.0411721089323776,1.03577258402657,0.0620872110893697,0.245774847388212,0.100107950135604,"HabSubsmpl_25"
"2",1,3,0,0.63252543060125,0.0401149932244322,1.0474828232011,0.0592370713478055,0.236741918364419,0.104420213592828,"HabSubsmpl_25"
