"","repl","mn_rch","sd_rch","mn_simp","sd_simp","mn_shan","sd_shan","mn_bc","sd_bc","mn_rscprf","d"
"1",0,6.08,0.702376916856849,0.796596360644341,0.0230473966459484,1.67694019036092,0.0907532558638838,0.211217267178123,0.10679340084906,0.609114729441553,"HabSubsmpl_25"
"2",1,7.24,0.925562891794321,0.801263019560837,0.0532493549601991,1.74541345080611,0.223870018723683,0.334032243630806,0.19259549877385,0.609114729441553,"HabSubsmpl_25"
