"","mn_rch","sd_rch","mn_simp","sd_simp","mn_shan","sd_shan","mn_bc","sd_bc","mn_rscprf","mn_rch_rsc","sd_rch_rsc","mn_simp_rsc","sd_simp_rsc","mn_shan_rsc","sd_shan_rsc","mn_bc_rsc","sd_bc_rsc","d"
"1","6.66","0.813969904325585","0.798929690102589","0.0381483758030738","1.71117682058352","0.157311637293783","0.272624755404465","0.149694449811455","0.609114729441553","3","0","0.628694571491296","0.0406435510784049","1.04162770361384","0.0606621412185876","0.241258382876315","0.102264081864216","HabSubsmpl_25"
