"","repl","mn_rch_rsc","sd_rch_rsc","mn_simp_rsc","sd_simp_rsc","mn_shan_rsc","sd_shan_rsc","mn_bc_rsc","sd_bc_rsc","d"
"1",0,3,0,0.63046909041935,0.0326390761175578,1.04178869090554,0.05393083545929,0.25460230106754,0.104251353454738,"HabSubsmpl_25"
"2",1,3,0,0.633431572167237,0.0240916906170355,1.04813176192262,0.0378261028318334,0.234127122654016,0.0953158022153308,"HabSubsmpl_25"
