"","repl","mn_rch","sd_rch","mn_simp","sd_simp","mn_shan","sd_shan","mn_bc","sd_bc","mn_rscprf","d"
"1",0,10,0,0.897022298791334,0.00365097912551871,2.28767995465137,0.0179076257081585,0.150561718744883,0.0707822043920125,0.544188915389351,"HabSubsmpl_25"
"2",1,9.96,0.2,0.894833362461736,0.00604301769586762,2.27639969654291,0.0305909344702923,0.191026876204481,0.0910494477973439,0.544188915389351,"HabSubsmpl_25"
