"","mn_rch","sd_rch","mn_simp","sd_simp","mn_shan","sd_shan","mn_bc","sd_bc","mn_rscprf","mn_rch_rsc","sd_rch_rsc","mn_simp_rsc","sd_simp_rsc","mn_shan_rsc","sd_shan_rsc","mn_bc_rsc","sd_bc_rsc","d"
"1","9.86","0.539696865275764","0.895685412293101","0.00904788349298729","2.27477607956302","0.0680600179630253","0.207001914562315","0.123855167621952","0.48395711622063","3","0","0.631950331293293","0.0283653833672967","1.04496022641408","0.0458784691455617","0.244364711860778","0.0997835778350343","HabSubsmpl_25"
