"","repl","mn_rch_rsc","sd_rch_rsc","mn_simp_rsc","sd_simp_rsc","mn_shan_rsc","sd_shan_rsc","mn_bc_rsc","sd_bc_rsc","d"
"1",0,3,0,0.62411304599118,0.0292733189390662,1.03216867418908,0.046732081211275,0.247897452407172,0.0925258332778782,"HabSubsmpl_25"
"2",1,3,0,0.621134932931534,0.0477837243455575,1.0295469815969,0.0724901290900113,0.23247691154275,0.102581873946317,"HabSubsmpl_25"
