"","repl","mn_rch","sd_rch","mn_simp","sd_simp","mn_shan","sd_shan","mn_bc","sd_bc","mn_rscprf","d"
"1",0,6.08,0.276887462097269,0.815186848142747,0.00678223960220353,1.74073390808554,0.0228860664727614,0.141454430744495,0.0950181380772577,0.546419829823744,"HabSubsmpl_25"
"2",1,7.56,1.00332779621949,0.835391514217629,0.0286000143076883,1.87637086357484,0.147288531314599,0.379802445089048,0.253412291837237,0.546419829823744,"HabSubsmpl_25"
