"","mn_rch","sd_rch","mn_simp","sd_simp","mn_shan","sd_shan","mn_bc","sd_bc","mn_rscprf","mn_rch_rsc","sd_rch_rsc","mn_simp_rsc","sd_simp_rsc","mn_shan_rsc","sd_shan_rsc","mn_bc_rsc","sd_bc_rsc","d"
"1","7.5","0.986892699635133","0.822485554907849","0.0307752186106776","1.83656377308429","0.160419679169647","0.335774929351002","0.169872996279253","0.528610853124413","3","0","0.622623989461357","0.0385285216423118","1.03085782789299","0.0596111051506432","0.240187181974961","0.0975538536120973","HabSubsmpl_25"
