"","repl","mn_rch_rsc","sd_rch_rsc","mn_simp_rsc","sd_simp_rsc","mn_shan_rsc","sd_shan_rsc","mn_bc_rsc","sd_bc_rsc","d"
"1",0,3,0,0.632683642965509,0.0415155449799276,1.04265400750175,0.0727026825147876,0.246734377393163,0.114102719012808,"HabSubsmpl_25"
"2",1,3,0,0.629096814046768,0.0549025053185735,1.04354261113194,0.0770008531598394,0.22863330013251,0.106055722749722,"HabSubsmpl_25"
