"","repl","mn_rch","sd_rch","mn_simp","sd_simp","mn_shan","sd_shan","mn_bc","sd_bc","mn_rscprf","d"
"1",0,6.32,0.476095228569523,0.779069518613844,0.00642701407264802,1.63474090942276,0.0300787447293816,0.200258319156386,0.200835021982633,0.518615406528619,"HabSubsmpl_25"
"2",1,6,1,0.768458073127172,0.0151584607199158,1.55192027631843,0.0714673858527452,0.213511937035365,0.175102051246208,0.518615406528619,"HabSubsmpl_25"
