"","mn_rch","sd_rch","mn_simp","sd_simp","mn_shan","sd_shan","mn_bc","sd_bc","mn_rscprf","mn_rch_rsc","sd_rch_rsc","mn_simp_rsc","sd_simp_rsc","mn_shan_rsc","sd_shan_rsc","mn_bc_rsc","sd_bc_rsc","d"
"1","6.16","0.738047614284762","0.773763795870508","0.0107927373962819","1.5933305928706","0.0507730652910634","0.206885128095875","0.18796853661442","0.518615406528619","3","0","0.631641535951104","0.0261102760433327","1.04415847219576","0.0420344554754633","0.229879601935032","0.0927904639021738","HabSubsmpl_25"
