"","repl","mn_rch_rsc","sd_rch_rsc","mn_simp_rsc","sd_simp_rsc","mn_shan_rsc","sd_shan_rsc","mn_bc_rsc","sd_bc_rsc","d"
"1",0,3,0,0.622053389810483,0.0454913028625453,1.02815194148024,0.0746205178331118,0.256192182416151,0.103244645326002,"HabSubsmpl_25"
"2",1,3,0,0.630102087752484,0.027023687782426,1.04173901064235,0.0434528230038738,0.236538089031052,0.0895515038757819,"HabSubsmpl_25"
