"","repl","mn_rch","sd_rch","mn_simp","sd_simp","mn_shan","sd_shan","mn_bc","sd_bc","mn_rscprf","d"
"1",0,8.72,0.737111479583199,0.864036878209873,0.00885821648689224,2.04872664228327,0.0737319523493442,0.195990453047411,0.0864116118593586,0.485652859523887,"HabSubsmpl_25"
"2",1,8.68,0.627162924074226,0.853075425873068,0.0179696118320372,2.01353339010713,0.094049532747569,0.255549974501601,0.110745558255796,0.485652859523887,"HabSubsmpl_25"
