"","mn_rch","sd_rch","mn_simp","sd_simp","mn_shan","sd_shan","mn_bc","sd_bc","mn_rscprf","mn_rch_rsc","sd_rch_rsc","mn_simp_rsc","sd_simp_rsc","mn_shan_rsc","sd_shan_rsc","mn_bc_rsc","sd_bc_rsc","d"
"1","8.7","0.682137201828713","0.858556152041471","0.0134139141594647","2.0311300161952","0.0838907425484566","0.225770213774506","0.0985785850575773","0.485652859523887","3","0","0.626077738781483","0.0362574953224856","1.03494547606129","0.0590366704184928","0.246365135723601","0.0963980746008918","HabSubsmpl_25"
