"","repl","mn_rch_rsc","sd_rch_rsc","mn_simp_rsc","sd_simp_rsc","mn_shan_rsc","sd_shan_rsc","mn_bc_rsc","sd_bc_rsc","d"
"1",0,3,0,0.619531587649463,0.043676422591715,1.02700211646145,0.0651943461847532,0.241905123940438,0.104789710275581,"HabSubsmpl_25"
"2",1,3,0,0.622479347101092,0.035301790947262,1.02745531212831,0.0616190143096342,0.248787505895519,0.0999544564389691,"HabSubsmpl_25"
