"","repl","mn_rch","sd_rch","mn_simp","sd_simp","mn_shan","sd_shan","mn_bc","sd_bc","mn_rscprf","d"
"1",0,8.52,0.714142842854285,0.835248806128438,0.0152008333586224,1.92110770166118,0.0803256899377624,0.189732977120645,0.0960987539139237,0.522658069467083,"HabSubsmpl_25"
"2",1,7.96,0.734846922834953,0.849897375763508,0.0169610009309096,1.96676557002443,0.0982451692399115,0.298040429589273,0.136904602373505,0.522658069467083,"HabSubsmpl_25"
