"","mn_rch","sd_rch","mn_simp","sd_simp","mn_shan","sd_shan","mn_bc","sd_bc","mn_rscprf","mn_rch_rsc","sd_rch_rsc","mn_simp_rsc","sd_simp_rsc","mn_shan_rsc","sd_shan_rsc","mn_bc_rsc","sd_bc_rsc","d"
"1","8.22","0.939115159721076","0.836796779861547","0.0173069613484019","1.91915882713393","0.104306418365061","0.291863422557302","0.134681110847674","0.526654426679251","3","0","0.62787633741874","0.0430894360625264","1.0382598838283","0.0668272976066799","0.221535048353467","0.0951257714414555","HabSubsmpl_25"
