"","repl","mn_rch","sd_rch","mn_simp","sd_simp","mn_shan","sd_shan","mn_bc","sd_bc","mn_rscprf","d"
"1",0,7.72,0.936304793679209,0.82250602117501,0.0391981502522855,1.85400642522692,0.174140606465628,0.348758294787362,0.246217234185347,0.600266943237355,"HabSubsmpl_25"
"2",1,7.76,1.01159939369957,0.818391429447186,0.0252551509571424,1.82662702463473,0.131526724548029,0.237091575861795,0.13697554396533,0.600266943237355,"HabSubsmpl_25"
