"","repl","mn_rch_rsc","sd_rch_rsc","mn_simp_rsc","sd_simp_rsc","mn_shan_rsc","sd_shan_rsc","mn_bc_rsc","sd_bc_rsc","d"
"1",0,3,0,0.645592357133784,0.0211410076122204,1.066291673948,0.0351236982853114,0.198122536628313,0.0950058888252288,"HabSubsmpl_25"
"2",1,3,0,0.627942070191386,0.0395270496134093,1.04033127600552,0.0579621989535746,0.225674234213242,0.08693568054962,"HabSubsmpl_25"
