"","mn_rch","sd_rch","mn_simp","sd_simp","mn_shan","sd_shan","mn_bc","sd_bc","mn_rscprf","mn_rch_rsc","sd_rch_rsc","mn_simp_rsc","sd_simp_rsc","mn_shan_rsc","sd_shan_rsc","mn_bc_rsc","sd_bc_rsc","d"
"1","7.74","0.973952093689389","0.820448725311098","0.0322266506047139","1.84031672493083","0.152833665506829","0.292924935324579","0.191596389075338","0.600266943237355","3","0","0.636767213662585","0.0303340286128148","1.05331147497676","0.046542948619443","0.211898385420777","0.0909707846874244","HabSubsmpl_25"
