"","repl","mn_rch","sd_rch","mn_simp","sd_simp","mn_shan","sd_shan","mn_bc","sd_bc","mn_rscprf","d"
"1",0,6.48,0.585946527708232,0.810670641954034,0.0116364310027874,1.74129425757713,0.042449562289689,0.208485757252433,0.0977951982366521,0.609620077583032,"HabSubsmpl_25"
"2",1,9.08,0.953939201416946,0.864712193906391,0.0144520118660923,2.07528631190486,0.101817257317335,0.28972653927411,0.125766386923348,0.609620077583032,"HabSubsmpl_25"
