"","repl","mn_rch_rsc","sd_rch_rsc","mn_simp_rsc","sd_simp_rsc","mn_shan_rsc","sd_shan_rsc","mn_bc_rsc","sd_bc_rsc","d"
"1",0,3,0,0.622730606004559,0.0349524165473613,1.03266163776997,0.050381765983953,0.223778770298207,0.0843331371085342,"HabSubsmpl_25"
"2",1,3,0,0.63667889654674,0.0258098282313976,1.05262597284235,0.0395604904621936,0.22892377107906,0.10213068635882,"HabSubsmpl_25"
