"","mn_rch","sd_rch","mn_simp","sd_simp","mn_shan","sd_shan","mn_bc","sd_bc","mn_rscprf","mn_rch_rsc","sd_rch_rsc","mn_simp_rsc","sd_simp_rsc","mn_shan_rsc","sd_shan_rsc","mn_bc_rsc","sd_bc_rsc","d"
"1","7.42","0.498342841398164","0.82887863523519","0.0127737814266433","1.85848369188779","0.0720165836624192","0.192380655545107","0.104622734438785","0.470452865303077","3","0","0.629704751275649","0.0303811223893794","1.04264380530616","0.0449711282230733","0.226351270688633","0.0932319117336769","HabSubsmpl_25"
