,nrep,errors,n_num,rsc_num,radius,rsc_cube_gen_rule,rsc_cube_gen_vals,sp_num,perc_comp,perc_facil,int_minmax,sp_ini_perc,D_set,var_sp_int,mean_sp_int,shape
0,0,0,25,3,0,fix_same,0,10,0.4,0.09999999999999998,0.5,1,0.0,0.03939161883782766,0.06882695845031161,100
0,1,0,25,3,0,fix_same,0,10,0.4,0.09999999999999998,0.5,1,0.0,0.029757140208285335,0.08496182844956097,100
