"","repl","mn_rch_rsc","sd_rch_rsc","mn_simp_rsc","sd_simp_rsc","mn_shan_rsc","sd_shan_rsc","mn_bc_rsc","sd_bc_rsc","d"
"1",0,3,0,0.628280362395989,0.0254664029454781,1.03926664954884,0.038998444572834,0.22298300642979,0.0862327792225084,"HabSubsmpl_25"
"2",1,3,0,0.624475488491194,0.0253933747629737,1.03317970520226,0.0402949336026978,0.250759058126992,0.0916754928466204,"HabSubsmpl_25"
