"","repl","mn_rch","sd_rch","mn_simp","sd_simp","mn_shan","sd_shan","mn_bc","sd_bc","mn_rscprf","d"
"1",0,6.56,0.960902353693305,0.782341821826612,0.0433659760596598,1.64754404483546,0.18830776714806,0.48816034022204,0.174921435208135,0.456561276786214,"HabSubsmpl_25"
"2",1,5.16,0.986576572463249,0.733435711606917,0.0431716193853847,1.41866606076111,0.17936029265778,0.467821907814777,0.322173488476669,0.456561276786214,"HabSubsmpl_25"
