"","mn_rch","sd_rch","mn_simp","sd_simp","mn_shan","sd_shan","mn_bc","sd_bc","mn_rscprf","mn_rch_rsc","sd_rch_rsc","mn_simp_rsc","sd_simp_rsc","mn_shan_rsc","sd_shan_rsc","mn_bc_rsc","sd_bc_rsc","d"
"1","5.94","0.833034988721437","0.781594935451606","0.0307095727087262","1.60709674522856","0.125663856846032","0.395919992247591","0.213708213409749","0.517826279290196","3","0","0.618068074653712","0.0564635712684136","1.02587708493761","0.080760797879574","0.243646060318441","0.112602701216576","HabSubsmpl_25"
