"","repl","mn_rch_rsc","sd_rch_rsc","mn_simp_rsc","sd_simp_rsc","mn_shan_rsc","sd_shan_rsc","mn_bc_rsc","sd_bc_rsc","d"
"1",0,3,0,0.638482347450369,0.0258964322950129,1.05410709862582,0.0467052131993513,0.233159410573077,0.107321702765363,"HabSubsmpl_25"
"2",1,3,0,0.630951530757721,0.0435879379901794,1.04258931325578,0.0665338369691914,0.213586813607526,0.0975977769480839,"HabSubsmpl_25"
