"","repl","mn_rch","sd_rch","mn_simp","sd_simp","mn_shan","sd_shan","mn_bc","sd_bc","mn_rscprf","d"
"1",0,7.12,0.665832811847939,0.825994749935729,0.0152923512472163,1.81765794557018,0.075365763328424,0.214282195414379,0.0897919061801367,0.503119025494485,"HabSubsmpl_25"
"2",1,7.88,1.09239797387826,0.833445111044455,0.0253399698773366,1.88687786903142,0.155034967299244,0.355990528777272,0.161352033504866,0.503119025494485,"HabSubsmpl_25"
