"","mn_rch","sd_rch","mn_simp","sd_simp","mn_shan","sd_shan","mn_bc","sd_bc","mn_rscprf","mn_rch_rsc","sd_rch_rsc","mn_simp_rsc","sd_simp_rsc","mn_shan_rsc","sd_shan_rsc","mn_bc_rsc","sd_bc_rsc","d"
"1","7.82","0.5685557397916","0.83610687149207","0.0112599245599231","1.89490948955325","0.0649110692223807","0.237789962069064","0.147982153053119","0.447715832856748","3","0","0.634716939104045","0.0347421851425961","1.0483482059408","0.0566195250842714","0.223373112090302","0.102459739856724","HabSubsmpl_25"
